x,y,category,kNN_hit
-34.85743,9.944953,BABYFOOD,1.0
-34.8593,9.943231,BABYFOOD,1.0
-34.724453,9.8266,BABYFOOD,1.0
-33.757553,10.75259,BABYFOOD,1.0
-33.848194,10.349648,BABYFOOD,1.0
-33.889626,10.36362,BABYFOOD,1.0
-34.576862,9.720187,BABYFOOD,1.0
-34.1304,10.167833,BABYFOOD,1.0
-32.44832,9.432712,BABYFOOD,0.8571428571428571
-32.19678,9.292014,BABYFOOD,0.8571428571428571
-31.499523,8.791797,BABYFOOD,0.8571428571428571
-33.13317,9.399146,BABYFOOD,1.0
-33.136166,9.399029,BABYFOOD,1.0
-31.40957,8.779508,BABYFOOD,0.8571428571428571
-31.711407,8.839455,BABYFOOD,0.8571428571428571
-47.47065,8.429834,BABYFOOD,1.0
-47.466434,8.348531,BABYFOOD,1.0
-45.639465,9.224002,BABYFOOD,1.0
-56.62383,15.091058,BABYFOOD,0.42857142857142855
-55.925938,18.568642,BABYFOOD,1.0
-54.89478,18.088087,BABYFOOD,0.8571428571428571
-55.96647,18.961582,BABYFOOD,1.0
-45.66803,9.350837,BABYFOOD,1.0
-56.791584,20.785723,BABYFOOD,1.0
-45.521633,9.26595,BABYFOOD,1.0
-54.709232,24.627007,BABYFOOD,0.0
-60.77733,24.38578,BABYFOOD,1.0
-60.76056,24.361536,BABYFOOD,1.0
-58.698868,22.447083,BABYFOOD,1.0
-58.87186,23.32609,BABYFOOD,0.7142857142857143
-58.80986,23.475868,BABYFOOD,0.5714285714285714
-57.67916,22.034338,BABYFOOD,1.0
-49.008144,8.003647,BABYFOOD,1.0
-58.131866,22.280054,BABYFOOD,1.0
-57.233284,21.45635,BABYFOOD,0.8571428571428571
-56.358517,19.625116,BABYFOOD,1.0
-60.021317,24.224312,BABYFOOD,0.8571428571428571
-48.59289,7.715873,BABYFOOD,1.0
-48.656685,7.7747793,BABYFOOD,1.0
-48.62918,7.7623277,BABYFOOD,1.0
-48.62594,7.761671,BABYFOOD,1.0
-57.064274,21.34529,BABYFOOD,0.8571428571428571
-57.272964,22.147882,BABYFOOD,0.7142857142857143
-60.156017,24.383074,BABYFOOD,0.8571428571428571
-60.321423,23.898273,BABYFOOD,1.0
-45.423832,8.72913,BABYFOOD,1.0
-48.151474,9.087526,BABYFOOD,1.0
-47.936237,8.857126,BABYFOOD,1.0
-58.395855,13.200791,BABYFOOD,0.42857142857142855
-55.968857,11.141625,BABYFOOD,0.8571428571428571
-55.98418,11.200412,BABYFOOD,0.8571428571428571
-51.02623,7.894747,BABYFOOD,0.5714285714285714
-62.371304,25.807959,BABYFOOD,1.0
-62.377186,25.812256,BABYFOOD,1.0
-58.037727,11.006472,BABYFOOD,0.8571428571428571
-61.29409,20.849773,BABYFOOD,1.0
-61.310757,20.850918,BABYFOOD,1.0
-50.348125,6.302704,BABYFOOD,1.0
-56.129715,-1.7635834,BABYFOOD,1.0
-55.615475,-1.7254195,BABYFOOD,1.0
-59.442474,3.3992398,BABYFOOD,1.0
-54.879356,9.923978,BABYFOOD,0.7142857142857143
-54.901478,9.948861,BABYFOOD,0.7142857142857143
-57.27801,10.947181,BABYFOOD,1.0
-59.028072,11.865055,BABYFOOD,0.7142857142857143
-59.47093,3.500643,BABYFOOD,1.0
-53.726864,0.18637033,BABYFOOD,1.0
-61.11048,2.6757517,BABYFOOD,0.8571428571428571
-61.11004,2.6762948,BABYFOOD,0.8571428571428571
-56.50881,-0.11841378,BABYFOOD,1.0
-56.70093,-0.18539974,BABYFOOD,1.0
-54.450954,5.175166,BABYFOOD,1.0
-54.352737,5.15146,BABYFOOD,1.0
-60.314716,4.1299195,BABYFOOD,0.8571428571428571
-56.74681,5.0870075,BABYFOOD,1.0
-56.14037,5.5105205,BABYFOOD,1.0
-54.311684,2.090208,BABYFOOD,1.0
-54.900383,-1.3782964,BABYFOOD,1.0
-58.358543,3.228007,BABYFOOD,1.0
-55.78252,1.7991016,BABYFOOD,1.0
-55.535275,-2.7327604,BABYFOOD,1.0
-55.65493,-2.747798,BABYFOOD,1.0
-54.02061,1.1287069,BABYFOOD,1.0
-54.693596,-0.8692655,BABYFOOD,1.0
-54.59521,-0.7746651,BABYFOOD,1.0
-55.634064,0.44341028,BABYFOOD,1.0
-55.98588,0.59376043,BABYFOOD,1.0
-54.309303,0.49447384,BABYFOOD,1.0
-54.31281,0.6969482,BABYFOOD,1.0
-55.769028,-0.30789372,BABYFOOD,1.0
-55.23768,0.96734786,BABYFOOD,1.0
-56.9014,-5.5290303,BABYFOOD,1.0
-58.948753,2.4549923,BABYFOOD,1.0
-57.1151,-6.280435,BABYFOOD,1.0
-54.31154,3.289773,BABYFOOD,1.0
-55.35956,0.10113767,BABYFOOD,1.0
-55.03486,2.3449352,BABYFOOD,1.0
-56.345684,-3.9895544,BABYFOOD,1.0
-53.773445,-1.842424,BABYFOOD,1.0
-56.95778,-3.961188,BABYFOOD,1.0
-56.451595,-4.2057514,BABYFOOD,1.0
-56.747795,-4.8788805,BABYFOOD,1.0
-60.08547,1.7698197,BABYFOOD,1.0
-56.47654,-5.5169697,BABYFOOD,1.0
-58.40953,2.0716977,BABYFOOD,1.0
-56.5252,-5.947122,BABYFOOD,1.0
-54.031574,-2.6356475,BABYFOOD,1.0
-55.528133,-4.2345977,BABYFOOD,1.0
-55.917492,-5.110027,BABYFOOD,1.0
-56.352978,-4.765002,BABYFOOD,1.0
-19.442635,-8.045753,BABYFOOD,1.0
-19.329323,-8.000484,BABYFOOD,1.0
-18.618053,-7.8394227,BABYFOOD,1.0
-51.415382,1.062951,BABYFOOD,1.0
-51.28107,2.2572968,BABYFOOD,1.0
-20.321487,-8.979199,BABYFOOD,1.0
-19.181108,-8.077746,BABYFOOD,1.0
-51.290455,1.281204,BABYFOOD,1.0
-50.52743,0.86772203,BABYFOOD,1.0
-18.994366,-7.1590056,BABYFOOD,1.0
-19.53625,-7.7649245,BABYFOOD,1.0
-51.50492,0.7970791,BABYFOOD,1.0
-46.44806,5.9766817,BABYFOOD,1.0
-46.43788,5.9701195,BABYFOOD,1.0
-46.213898,5.9188013,BABYFOOD,1.0
-46.18556,5.7951617,BABYFOOD,1.0
-25.459446,-16.227882,BABYFOOD,0.0
-51.38632,2.8101487,BABYFOOD,1.0
-18.422125,-7.7574887,BABYFOOD,1.0
-18.579304,-7.6912093,BABYFOOD,1.0
-8.22707,-3.153281,BABYFOOD,0.0
-20.481256,-14.680088,BABYFOOD,0.2857142857142857
-20.5643,-14.682163,BABYFOOD,0.42857142857142855
-20.78767,-14.64924,BABYFOOD,0.2857142857142857
-56.83264,2.0447073,BABYFOOD,1.0
-55.047413,1.5204835,BABYFOOD,1.0
-49.5135,4.712184,BABYFOOD,1.0
-49.518936,4.602346,BABYFOOD,1.0
-49.742702,6.25778,BABYFOOD,1.0
-58.559536,3.067814,BABYFOOD,1.0
-58.549282,3.0663815,BABYFOOD,1.0
-53.63597,-1.1650016,BABYFOOD,1.0
-58.122986,4.1808267,BABYFOOD,1.0
-58.132008,4.1621056,BABYFOOD,1.0
-52.625248,-1.0412544,BABYFOOD,1.0
-48.37351,4.967302,BABYFOOD,1.0
-48.414986,4.956047,BABYFOOD,1.0
-54.014565,-2.0559216,BABYFOOD,1.0
-55.958195,-4.4995875,BABYFOOD,1.0
-58.5084,23.045767,BABYFOOD,0.7142857142857143
-46.376328,7.964068,BABYFOOD,1.0
-46.460747,7.9692593,BABYFOOD,1.0
-54.280396,-0.30405465,BABYFOOD,1.0
-60.70724,23.364737,BABYFOOD,1.0
-61.422115,22.942389,BABYFOOD,1.0
-59.84603,23.040016,BABYFOOD,1.0
-55.710346,18.647223,BABYFOOD,1.0
-51.204655,7.5343184,BABYFOOD,0.5714285714285714
-62.414917,25.849907,BABYFOOD,1.0
-55.19936,3.795413,BABYFOOD,1.0
-57.728775,22.828207,BABYFOOD,0.5714285714285714
-53.479294,5.8232136,BABYFOOD,1.0
-58.89553,13.211356,BABYFOOD,0.42857142857142855
-61.10334,20.85916,BABYFOOD,1.0
-0.54186654,27.666815,CHICKEN,0.8571428571428571
0.23768261,28.324305,CHICKEN,0.8571428571428571
-4.768082,33.597874,CHICKEN,1.0
-0.8229578,28.539013,CHICKEN,0.8571428571428571
-3.2559524,33.086735,CHICKEN,1.0
-6.344496,33.485237,CHICKEN,0.8571428571428571
-5.6802206,34.38819,CHICKEN,0.8571428571428571
-4.9231696,35.207428,CHICKEN,0.8571428571428571
-2.269879,34.745296,CHICKEN,1.0
-0.96565044,41.408867,CHICKEN,0.8571428571428571
-4.5500746,38.94808,CHICKEN,0.8571428571428571
-4.0265265,39.13517,CHICKEN,1.0
-2.218887,38.58782,CHICKEN,1.0
6.3184886,25.173542,CHICKEN,0.42857142857142855
7.4199877,24.865576,CHICKEN,0.42857142857142855
7.8563595,23.78198,CHICKEN,0.42857142857142855
9.103392,23.262463,CHICKEN,0.42857142857142855
9.179618,23.735312,CHICKEN,0.42857142857142855
31.864674,29.551228,CHICKEN,0.8571428571428571
32.835598,29.610298,CHICKEN,0.8571428571428571
36.510517,19.495602,CHICKEN,0.14285714285714285
36.492958,19.465055,CHICKEN,0.14285714285714285
1.4455572,35.78234,CHICKEN,0.5714285714285714
4.134011,31.322004,CHICKEN,1.0
-5.9459295,42.396286,CHICKEN,0.8571428571428571
1.610525,36.747818,CHICKEN,0.7142857142857143
1.8165334,35.049698,CHICKEN,0.42857142857142855
2.101338,31.004662,CHICKEN,1.0
4.8782425,30.19308,CHICKEN,1.0
4.7465014,31.984232,CHICKEN,1.0
4.3698425,32.898605,CHICKEN,1.0
3.2054346,32.659264,CHICKEN,0.7142857142857143
0.33182892,43.58244,CHICKEN,1.0
-2.242378,44.25103,CHICKEN,1.0
-4.2214603,42.9081,CHICKEN,1.0
-3.2150686,40.497173,CHICKEN,1.0
2.146983,41.59025,CHICKEN,0.8571428571428571
4.5989738,35.697044,CHICKEN,0.8571428571428571
-3.6638324,37.69594,CHICKEN,1.0
-2.0636032,37.568855,CHICKEN,1.0
10.657797,17.538942,CHICKEN,0.0
5.026403,27.210115,CHICKEN,0.8571428571428571
5.2910285,29.147175,CHICKEN,1.0
4.5446453,29.59099,CHICKEN,1.0
-1.6155646,31.250095,CHICKEN,1.0
-1.1958088,32.431973,CHICKEN,1.0
2.583585,40.871544,CHICKEN,0.8571428571428571
5.40003,33.96045,CHICKEN,1.0
5.3455167,35.783916,CHICKEN,1.0
3.7649784,39.522434,CHICKEN,0.8571428571428571
-5.242788,41.55279,CHICKEN,0.8571428571428571
-6.529441,33.756668,CHICKEN,0.8571428571428571
-2.743697,44.426727,CHICKEN,1.0
-5.1497693,42.789238,CHICKEN,1.0
-5.054605,40.607933,CHICKEN,0.7142857142857143
-3.5183034,42.619553,CHICKEN,1.0
-4.895644,43.42045,CHICKEN,1.0
-4.621391,43.224957,CHICKEN,1.0
-4.0099096,40.86726,CHICKEN,1.0
-2.9789822,36.390118,CHICKEN,1.0
4.989126,31.084314,CHICKEN,1.0
4.84968,33.414616,CHICKEN,0.8571428571428571
-4.0249567,36.377567,CHICKEN,0.8571428571428571
-2.3621888,35.909424,CHICKEN,1.0
-1.4864961,40.6852,CHICKEN,0.8571428571428571
4.424492,37.054153,CHICKEN,1.0
-3.2897198,38.49809,CHICKEN,1.0
-2.2664502,38.138737,CHICKEN,1.0
-3.1653395,34.53536,CHICKEN,1.0
4.9190598,30.877455,CHICKEN,1.0
4.8144236,32.77474,CHICKEN,1.0
-4.2120333,35.308258,CHICKEN,1.0
-2.3435388,34.81658,CHICKEN,1.0
-1.543258,40.69237,CHICKEN,0.8571428571428571
4.353106,36.67145,CHICKEN,1.0
-3.8231869,37.70821,CHICKEN,1.0
-2.4954784,37.399258,CHICKEN,1.0
5.1162324,27.30394,CHICKEN,0.8571428571428571
5.4086933,28.328308,CHICKEN,1.0
5.2776423,28.647997,CHICKEN,1.0
-1.0314095,33.284557,CHICKEN,1.0
3.4467447,40.12924,CHICKEN,0.8571428571428571
5.93524,36.18861,CHICKEN,0.7142857142857143
3.8229613,39.790127,CHICKEN,0.8571428571428571
-2.9693072,33.911423,CHICKEN,1.0
5.041262,30.816952,CHICKEN,1.0
4.9741106,32.4026,CHICKEN,1.0
-4.107235,34.67488,CHICKEN,1.0
-2.2683868,34.17427,CHICKEN,1.0
-1.5423683,40.705936,CHICKEN,0.8571428571428571
4.2636995,36.292736,CHICKEN,1.0
-4.3584003,36.62201,CHICKEN,0.8571428571428571
-2.4997241,36.521286,CHICKEN,1.0
-1.805278,32.54204,CHICKEN,1.0
4.7093825,28.586887,CHICKEN,1.0
4.0262246,28.93113,CHICKEN,1.0
-1.7254205,31.409748,CHICKEN,1.0
-1.3904499,32.486465,CHICKEN,1.0
-0.22885272,40.082047,CHICKEN,0.8571428571428571
2.261808,38.62103,CHICKEN,1.0
-0.35886636,39.12542,CHICKEN,0.8571428571428571
-1.0397561,38.6931,CHICKEN,0.8571428571428571
-0.57846254,28.037655,CHICKEN,0.8571428571428571
1.6083093,31.567505,CHICKEN,1.0
2.2557845,32.93286,CHICKEN,0.42857142857142855
1.3174546,42.696976,CHICKEN,1.0
3.166333,38.038044,CHICKEN,1.0
31.83434,29.67343,CHICKEN,1.0
31.813662,29.281002,CHICKEN,0.8571428571428571
0.3857232,43.58726,CHICKEN,1.0
-3.942795,42.411263,CHICKEN,1.0
2.1032813,41.875763,CHICKEN,0.8571428571428571
4.0680532,38.027264,CHICKEN,0.7142857142857143
-2.8613446,35.164692,CHICKEN,1.0
2.0750968,30.893747,CHICKEN,1.0
3.8728788,30.687386,CHICKEN,1.0
1.4507605,41.90928,CHICKEN,1.0
4.944489,35.366432,CHICKEN,1.0
32.116096,29.753553,CHICKEN,1.0
32.056614,29.439692,CHICKEN,0.8571428571428571
0.33074874,43.525223,CHICKEN,1.0
2.6423764,37.246044,CHICKEN,1.0
2.0644326,41.048428,CHICKEN,1.0
5.9793625,34.938385,CHICKEN,0.7142857142857143
-0.11013089,27.473658,CHICKEN,0.8571428571428571
-0.93091786,27.750658,CHICKEN,0.8571428571428571
0.4303332,28.60333,CHICKEN,0.8571428571428571
32.693436,30.195883,CHICKEN,0.8571428571428571
32.397377,30.148851,CHICKEN,1.0
16.099712,51.235397,TURKEY,1.0
15.478332,49.826496,TURKEY,1.0
-6.6065183,38.019012,TURKEY,1.0
15.45124,49.151554,TURKEY,1.0
-6.273916,38.69641,TURKEY,0.8571428571428571
6.4779444,24.414265,TURKEY,0.5714285714285714
9.018098,23.355015,TURKEY,0.42857142857142855
32.384983,28.654417,TURKEY,0.0
34.122692,30.82756,TURKEY,0.0
37.259315,23.711193,TURKEY,0.14285714285714285
37.30096,23.91762,TURKEY,0.14285714285714285
7.759115,40.858414,TURKEY,1.0
-8.623656,36.34215,TURKEY,1.0
12.52712,48.3853,TURKEY,1.0
-6.9292254,39.230045,TURKEY,0.8571428571428571
12.982546,46.462997,TURKEY,1.0
-7.360019,36.634575,TURKEY,1.0
10.953212,46.9251,TURKEY,1.0
-6.615849,40.44679,TURKEY,0.5714285714285714
11.994332,45.840805,TURKEY,1.0
-7.6555333,36.849678,TURKEY,1.0
7.7770233,34.754055,TURKEY,0.5714285714285714
-7.2719564,36.253212,TURKEY,0.8571428571428571
11.694061,48.296646,TURKEY,1.0
10.444382,48.64501,TURKEY,1.0
12.329739,45.147263,TURKEY,1.0
-7.3557773,37.214725,TURKEY,1.0
2.582285,34.28418,TURKEY,0.5714285714285714
-5.525698,36.508743,TURKEY,0.42857142857142855
14.034094,48.699036,TURKEY,1.0
11.79667,46.930496,TURKEY,1.0
8.371884,48.289204,TURKEY,1.0
11.097428,46.36193,TURKEY,1.0
7.531232,42.716488,TURKEY,1.0
6.096451,25.752039,TURKEY,0.42857142857142855
9.732903,23.6693,TURKEY,0.42857142857142855
8.705127,45.91681,TURKEY,1.0
7.620446,45.242107,TURKEY,1.0
10.752785,43.848583,TURKEY,1.0
9.248918,40.830948,TURKEY,1.0
8.554024,45.26006,TURKEY,1.0
6.9181557,44.01376,TURKEY,1.0
10.378625,43.655605,TURKEY,1.0
8.065107,40.549294,TURKEY,1.0
5.282703,38.83126,TURKEY,0.42857142857142855
7.0031724,37.61038,TURKEY,0.8571428571428571
3.9465046,41.744846,TURKEY,0.14285714285714285
7.1899786,39.959557,TURKEY,1.0
8.138573,45.77982,TURKEY,1.0
7.4176764,45.339417,TURKEY,1.0
8.1715355,45.332294,TURKEY,1.0
-6.7022142,40.69515,TURKEY,0.5714285714285714
10.3347025,43.33584,TURKEY,1.0
9.0230465,41.08282,TURKEY,1.0
10.194366,43.301838,TURKEY,1.0
8.653493,41.148853,TURKEY,1.0
5.4619045,38.551105,TURKEY,0.42857142857142855
6.143437,37.7268,TURKEY,0.42857142857142855
3.720151,42.2307,TURKEY,0.14285714285714285
-0.55758387,39.029373,TURKEY,0.0
15.650026,50.92398,TURKEY,1.0
14.4822235,49.371143,TURKEY,1.0
13.19478,48.56341,TURKEY,1.0
14.574708,48.23122,TURKEY,1.0
7.633407,42.585304,TURKEY,1.0
6.538912,24.199934,TURKEY,0.5714285714285714
9.063995,23.06968,TURKEY,0.42857142857142855
11.706416,48.07968,TURKEY,1.0
10.467576,48.7227,TURKEY,1.0
12.882882,45.75124,TURKEY,1.0
11.006361,40.529346,TURKEY,1.0
10.450256,46.594547,TURKEY,1.0
7.055693,44.09982,TURKEY,1.0
11.575623,45.164223,TURKEY,1.0
8.492388,39.839794,TURKEY,1.0
7.62505,34.480423,TURKEY,0.5714285714285714
7.4184613,35.855732,TURKEY,0.7142857142857143
11.012322,48.203022,TURKEY,1.0
10.020211,48.554142,TURKEY,1.0
12.122934,44.625446,TURKEY,1.0
10.733157,40.496693,TURKEY,1.0
2.6314802,34.02415,TURKEY,0.5714285714285714
3.4193678,34.36905,TURKEY,0.5714285714285714
16.512545,51.706722,TURKEY,1.0
16.128958,51.098087,TURKEY,1.0
15.24351,50.45735,TURKEY,1.0
16.045107,50.58327,TURKEY,1.0
7.6993375,42.546764,TURKEY,1.0
6.416482,24.504238,TURKEY,0.5714285714285714
9.3624935,23.316916,TURKEY,0.42857142857142855
14.4075985,49.67645,TURKEY,1.0
12.986438,49.106575,TURKEY,1.0
14.012888,48.231106,TURKEY,1.0
13.815712,46.140293,TURKEY,1.0
14.829407,48.457767,TURKEY,1.0
7.109936,44.05137,TURKEY,1.0
13.994676,47.518795,TURKEY,1.0
8.469546,40.056736,TURKEY,1.0
7.9913425,34.900738,TURKEY,0.5714285714285714
7.6703215,36.16009,TURKEY,0.7142857142857143
13.66148,49.41568,TURKEY,1.0
12.19915,49.040955,TURKEY,1.0
12.930618,46.9593,TURKEY,1.0
9.141861,37.761417,TURKEY,1.0
2.5554404,34.41705,TURKEY,0.5714285714285714
3.370911,34.769344,TURKEY,0.5714285714285714
-7.690304,39.499973,TURKEY,1.0
-3.797867,19.975174,TURKEY,0.0
-2.4176335,32.31672,CHICKEN,1.0
2.054549,42.387245,CHICKEN,0.8571428571428571
-2.358391,40.17717,CHICKEN,1.0
-31.20495,10.471357,CHICKEN,0.0
1.2982069,34.003643,CHICKEN,0.42857142857142855
-56.612846,14.102401,SOUP,0.42857142857142855
-35.85268,19.064507,SOUP,1.0
-52.06888,28.256708,SOUP,1.0
-36.412025,19.327675,SOUP,1.0
-36.513367,18.377184,SOUP,1.0
-45.865185,18.829596,SOUP,1.0
-50.537357,28.844637,SOUP,1.0
-56.53119,14.397913,SOUP,0.42857142857142855
-40.784416,14.015048,SOUP,1.0
-41.64374,16.07453,SOUP,1.0
-43.051178,18.232866,SOUP,1.0
-42.979607,14.416429,SOUP,1.0
-47.889927,21.580847,SOUP,1.0
-53.9477,21.61237,SOUP,0.8571428571428571
-44.168045,16.67532,SOUP,1.0
-57.685017,23.639887,SOUP,0.5714285714285714
-42.603973,16.92689,SOUP,1.0
-41.241184,19.589504,SOUP,1.0
-56.853832,23.245657,SOUP,0.7142857142857143
-62.419693,4.0545797,SOUP,0.14285714285714285
-51.366184,27.38433,SOUP,1.0
-51.091488,28.230608,SOUP,1.0
-41.593353,10.861829,SOUP,1.0
-45.78539,17.88262,SOUP,1.0
-43.037357,18.714533,SOUP,1.0
-40.048008,16.958303,SOUP,1.0
-47.63954,19.922413,SOUP,1.0
-41.930134,20.593828,SOUP,1.0
-51.66752,27.783705,SOUP,1.0
-55.450912,23.77281,SOUP,0.8571428571428571
-44.15661,17.005806,SOUP,1.0
-42.936222,14.31623,SOUP,1.0
-50.587997,28.197224,SOUP,1.0
-43.085434,16.505821,SOUP,1.0
-42.35757,15.059601,SOUP,1.0
-43.028103,25.059929,SOUP,1.0
-36.591335,19.095266,SOUP,1.0
-57.10639,23.467804,SOUP,0.7142857142857143
-37.191826,19.699968,SOUP,1.0
-40.878933,16.898058,SOUP,1.0
-41.730526,17.154083,SOUP,1.0
-41.1085,17.589434,SOUP,1.0
-42.284286,17.018246,SOUP,1.0
-40.685368,18.80893,SOUP,1.0
-41.460896,15.012074,SOUP,1.0
-50.452858,30.21667,SOUP,1.0
-41.105476,19.513369,SOUP,1.0
-43.27797,16.56092,SOUP,1.0
-56.644596,23.059803,SOUP,0.7142857142857143
-55.606045,25.004135,SOUP,0.8571428571428571
-56.263855,24.755259,SOUP,0.8571428571428571
-50.921818,9.865033,SOUP,0.5714285714285714
-54.390404,23.056059,SOUP,0.8571428571428571
-57.802982,24.04591,SOUP,0.5714285714285714
-56.489006,22.799633,SOUP,0.5714285714285714
-13.9542055,-17.589935,SOUP,0.7142857142857143
-13.949008,-17.591791,SOUP,0.5714285714285714
-15.746885,-16.672646,SOUP,1.0
-15.777795,-16.659235,SOUP,1.0
-17.347492,-15.877693,SOUP,0.7142857142857143
-41.95074,17.40607,SOUP,1.0
-42.59566,14.26766,SOUP,1.0
-39.304726,19.20137,SOUP,1.0
-50.329494,29.552921,SOUP,1.0
-41.052517,21.616943,SOUP,1.0
-41.20911,22.178425,SOUP,1.0
-40.44073,22.361652,SOUP,1.0
-44.058186,11.850068,SOUP,1.0
-42.241173,10.87156,SOUP,1.0
-43.875694,11.772414,SOUP,1.0
-41.14362,21.82046,SOUP,1.0
-43.080555,24.617538,SOUP,1.0
-39.14061,21.02297,SOUP,1.0
-41.29829,22.14062,SOUP,1.0
-44.070663,11.793448,SOUP,1.0
-40.426754,21.387583,SOUP,1.0
-50.410404,27.383636,SOUP,1.0
-43.895454,20.5906,SOUP,1.0
-36.589252,18.130415,SOUP,1.0
-50.468765,25.46937,SOUP,1.0
-39.502052,20.690985,SOUP,1.0
-50.281574,26.537489,SOUP,1.0
-44.29051,21.599382,SOUP,1.0
-42.757935,21.878712,SOUP,1.0
-44.384766,19.434301,SOUP,1.0
-45.166157,19.768736,SOUP,1.0
-46.58501,13.354258,SOUP,1.0
-46.855488,21.147608,SOUP,1.0
-61.024883,3.8903944,SOUP,0.14285714285714285
-50.319565,25.865307,SOUP,1.0
-42.471024,10.906201,SOUP,1.0
-45.190777,20.071383,SOUP,1.0
-43.052387,20.17638,SOUP,1.0
-45.143116,20.855915,SOUP,1.0
-46.59715,14.066006,SOUP,1.0
-43.964428,20.287699,SOUP,1.0
-47.298485,13.633674,SOUP,1.0
-44.377335,21.032621,SOUP,1.0
-43.122116,24.630863,SOUP,1.0
-50.921944,9.866358,SOUP,0.5714285714285714
-39.236004,20.720646,SOUP,1.0
-46.42786,15.8857565,SOUP,1.0
-44.47328,20.694029,SOUP,1.0
-44.214172,20.141527,SOUP,1.0
-44.884357,20.490316,SOUP,1.0
-43.055447,20.535267,SOUP,1.0
-50.18416,25.937489,SOUP,1.0
-50.415436,28.885393,SOUP,1.0
-47.176285,13.199017,SOUP,1.0
-46.737556,12.828033,SOUP,1.0
-54.431538,22.791548,SOUP,0.8571428571428571
-54.36724,22.302256,SOUP,0.8571428571428571
-53.738884,22.047853,SOUP,0.8571428571428571
-48.355442,12.958182,SOUP,1.0
-48.35592,12.959211,SOUP,1.0
-48.327953,13.157385,SOUP,1.0
-48.290035,13.804782,SOUP,1.0
-48.166702,19.350348,SOUP,1.0
-47.668766,13.5269985,SOUP,1.0
-48.1725,15.876075,SOUP,1.0
-47.133446,14.489357,SOUP,1.0
-47.884647,13.145438,SOUP,1.0
-44.328064,19.893314,SOUP,1.0
-43.818386,21.241993,SOUP,1.0
-42.410133,20.504782,SOUP,1.0
-50.35357,27.337095,SOUP,1.0
-18.693336,-15.305361,SOUP,0.5714285714285714
-58.72158,13.280828,SOUP,0.42857142857142855
-51.625233,16.34504,SOUP,1.0
-50.225647,14.347393,SOUP,1.0
-50.04924,14.336837,SOUP,1.0
-51.591976,15.909077,SOUP,1.0
-58.667267,24.393938,SOUP,0.2857142857142857
-51.97479,12.07008,SOUP,0.8571428571428571
-49.667778,15.915013,SOUP,1.0
-49.437504,15.805672,SOUP,1.0
-49.443874,14.847081,SOUP,1.0
-51.952106,12.091795,SOUP,1.0
-51.183983,17.114553,SOUP,1.0
-51.280045,17.125002,SOUP,1.0
-51.06508,15.602774,SOUP,1.0
-51.433628,17.18203,SOUP,1.0
-50.30654,29.568897,SOUP,1.0
-50.34516,27.335646,SOUP,1.0
-50.909122,8.656725,SOUP,0.2857142857142857
-47.47189,12.874141,SOUP,1.0
-45.896866,14.557971,SOUP,1.0
-59.469616,13.409484,SOUP,0.42857142857142855
-18.222681,-15.482055,SOUP,0.5714285714285714
-18.203947,-15.507534,SOUP,0.7142857142857143
11.459821,3.529767,PORK,0.8571428571428571
-4.838645,1.3083724,PORK,1.0
2.3205004,0.53745997,PORK,1.0
12.265427,16.682129,PORK,0.8571428571428571
10.351864,15.333446,PORK,0.7142857142857143
11.135004,16.595543,PORK,0.8571428571428571
10.86342,16.39203,PORK,0.8571428571428571
3.7654972,2.224135,PORK,1.0
-0.35587415,-6.1899304,PORK,1.0
-4.943146,1.3375081,PORK,1.0
-2.505015,-3.3921628,PORK,1.0
3.065732,2.111176,PORK,1.0
-1.2528194,-6.046171,PORK,1.0
-4.172856,3.516312,PORK,1.0
-0.87527984,5.522848,PORK,1.0
4.16171,2.2075622,PORK,1.0
5.5177264,4.0206156,PORK,1.0
-3.9755974,3.1931655,PORK,1.0
-0.82916725,3.7947206,PORK,1.0
-3.4970512,-0.49556696,PORK,1.0
-1.6403017,-6.2169085,PORK,1.0
-2.4441657,-5.3513207,PORK,1.0
-2.5590675,-5.0381737,PORK,1.0
-3.924734,0.019977322,PORK,1.0
-2.029638,-2.760594,PORK,1.0
-3.0714455,-4.2438927,PORK,1.0
-3.329533,-4.338259,PORK,1.0
6.2592535,2.3817017,PORK,1.0
6.9826956,3.1046386,PORK,1.0
6.347358,3.463755,PORK,1.0
6.5807104,3.4315531,PORK,1.0
-2.393837,3.7368312,PORK,1.0
0.348581,-3.0684342,PORK,1.0
-0.41666567,3.2108755,PORK,1.0
0.008382358,3.1016443,PORK,1.0
-7.2062273,-0.60039866,PORK,1.0
1.1399759,4.6823897,PORK,1.0
-5.8458056,-2.06187,PORK,1.0
0.559919,4.8419266,PORK,1.0
-7.580462,-0.47882035,PORK,1.0
-2.216314,-2.6517394,PORK,1.0
-6.2229924,-1.8029008,PORK,1.0
-0.75519496,4.8840156,PORK,1.0
-6.903241,-0.35187197,PORK,1.0
1.0830687,3.9691927,PORK,1.0
-5.5337114,-1.6978344,PORK,1.0
0.4900743,4.0014324,PORK,1.0
-7.388913,-0.18301937,PORK,1.0
-1.447077,-2.545776,PORK,1.0
-5.971653,-1.4615718,PORK,1.0
-0.14706822,4.22443,PORK,1.0
-10.317075,-5.362834,PORK,0.8571428571428571
1.3716471,4.185774,PORK,1.0
-1.9056389,-4.9878926,PORK,1.0
-9.53171,-5.216702,PORK,1.0
-10.384114,-5.3244615,PORK,0.8571428571428571
-1.0642292,4.227152,PORK,1.0
-3.3242846,-3.8189828,PORK,1.0
-8.398748,-0.13354827,PORK,1.0
-7.858156,-1.4632308,PORK,1.0
1.7376846,6.66722,PORK,1.0
-6.4355373,-2.6956172,PORK,0.8571428571428571
-9.1556,-4.8176074,PORK,0.8571428571428571
-7.9571023,-1.377685,PORK,1.0
1.0179144,6.8962836,PORK,1.0
-9.16907,-4.798473,PORK,0.8571428571428571
2.6184094,0.5847446,PORK,1.0
1.7785987,-6.360883,PORK,1.0
-3.562267,3.2356448,PORK,1.0
0.4630783,-3.7267206,PORK,1.0
4.2686515,1.925544,PORK,1.0
2.2700636,-6.731866,PORK,1.0
6.5670066,3.4428105,PORK,1.0
-3.7191017,3.1435952,PORK,1.0
0.8444598,-3.4248555,PORK,1.0
-0.40627488,2.9996545,PORK,1.0
-7.6072235,2.478563,PORK,1.0
2.3883119,-4.511767,PORK,1.0
0.96847856,-5.4739738,PORK,1.0
1.3734293,-6.05294,PORK,1.0
-7.655311,2.5076778,PORK,1.0
2.2383478,-4.0687943,PORK,1.0
0.6364688,-4.215555,PORK,1.0
-1.7274816,-4.362178,PORK,1.0
-1.740155,26.951893,PORK,0.0
3.2386346,-7.1693516,PORK,1.0
-2.5954168,-3.4802768,PORK,1.0
44.507885,21.582142,PORK,0.14285714285714285
44.747612,21.88133,PORK,0.14285714285714285
-32.486095,5.838558,PORK,0.14285714285714285
-32.512974,5.773855,PORK,0.14285714285714285
37.39929,20.892,PORK,0.14285714285714285
37.32555,20.84585,PORK,0.14285714285714285
11.304446,16.077484,PORK,0.8571428571428571
33.411255,24.531397,PORK,0.2857142857142857
33.1082,24.598562,PORK,0.2857142857142857
12.8871765,16.024126,PORK,0.42857142857142855
33.78281,30.402494,PORK,0.14285714285714285
33.452667,30.324718,PORK,0.14285714285714285
26.499454,20.600225,PORK,0.42857142857142855
26.562098,20.633303,PORK,0.42857142857142855
16.656467,-1.011523,PORK,0.0
33.832508,21.092875,PORK,0.14285714285714285
33.878025,21.326822,PORK,0.14285714285714285
26.133255,20.35821,PORK,0.42857142857142855
26.161888,20.549805,PORK,0.42857142857142855
-27.855152,8.680353,PORK,0.0
0.13660918,-3.5911777,PORK,1.0
29.76622,5.413526,PORK,0.14285714285714285
30.09957,4.692364,PORK,0.14285714285714285
13.622075,2.4038706,PORK,0.7142857142857143
10.19969,-14.319847,PORK,0.0
-8.040754,-17.428665,PORK,1.0
-9.0606365,-17.370632,PORK,1.0
11.814962,35.16915,PORK,0.0
-7.375278,-17.235704,PORK,1.0
-9.022699,-17.667246,PORK,1.0
-7.7255883,-16.93568,PORK,1.0
-8.04219,-15.284438,PORK,1.0
-7.511367,-15.867728,PORK,1.0
-6.801153,-13.698658,PORK,0.8571428571428571
-10.208849,-17.576797,PORK,1.0
-7.4900017,-14.836217,PORK,1.0
12.287557,0.95136946,PORK,0.7142857142857143
12.39398,1.4503984,PORK,0.7142857142857143
-6.155715,-13.434124,PORK,0.8571428571428571
-5.964577,-13.175075,PORK,0.8571428571428571
-1.4789184,-15.815124,PORK,1.0
-11.985816,-21.896355,PORK,1.0
-11.908537,-22.131712,PORK,1.0
11.943601,16.581268,PORK,1.0
10.887099,15.587438,PORK,0.7142857142857143
10.832005,15.584664,PORK,0.7142857142857143
-1.3883398,-15.764664,PORK,1.0
-11.969235,-22.329985,PORK,1.0
11.668091,0.59401494,PORK,0.7142857142857143
11.78791,0.6676412,PORK,0.7142857142857143
13.871323,5.414409,PORK,0.7142857142857143
13.896434,5.451464,PORK,0.7142857142857143
-3.785114,-3.9767363,PORK,1.0
-1.4146254,-3.500321,PORK,1.0
2.903854,-6.772274,PORK,1.0
-2.0209913,-4.7712946,PORK,1.0
-0.8198156,-4.4853354,PORK,1.0
-3.4170482,-5.819596,PORK,1.0
-8.007692,-16.689516,PORK,1.0
-8.480456,-17.528795,PORK,1.0
-7.7883415,-16.530296,PORK,1.0
-8.310554,-16.619108,PORK,1.0
-2.3741207,-6.689913,PORK,1.0
3.0066557,2.0789318,PORK,1.0
-0.5278295,-5.7289486,PORK,1.0
5.086647,1.7268023,PORK,1.0
7.4885674,3.4370801,PORK,1.0
2.4032137,5.2550664,PORK,1.0
2.2835093,6.2621775,PORK,1.0
1.4565592,6.0418935,PORK,1.0
-0.9934505,-7.109016,PORK,1.0
1.9280634,5.9106402,PORK,1.0
-2.8401444,5.428212,PORK,1.0
-3.1438835,-7.0039372,PORK,1.0
-0.32370195,6.1850266,PORK,1.0
-2.7295427,-5.9016986,PORK,1.0
0.3292847,5.785239,PORK,1.0
-8.167371,3.118494,PORK,1.0
2.5942569,-4.049031,PORK,1.0
5.8773165,3.5290592,PORK,1.0
-8.193459,3.1341472,PORK,1.0
2.5094535,-3.8516748,PORK,1.0
-0.08171438,2.9999778,PORK,1.0
-3.3549492,5.905168,PORK,1.0
-4.12024,-6.9717016,PORK,1.0
-4.7253385,-5.52203,PORK,1.0
-4.7139587,-6.058682,PORK,1.0
-3.3937185,5.8636,PORK,1.0
0.48475054,6.9562325,PORK,1.0
-4.842983,-5.36159,PORK,1.0
-4.8252044,-5.9459367,PORK,1.0
4.1094084,3.2154033,PORK,1.0
-0.1283602,-7.4346724,PORK,1.0
-1.2380058,7.4371114,PORK,1.0
-7.180197,-4.646917,PORK,0.8571428571428571
-1.2816868,7.448863,PORK,1.0
-7.022341,-34.27375,PORK,1.0
-7.006961,-34.286274,PORK,1.0
1.8678132,0.42027238,PORK,1.0
-4.8157043,-2.2422729,PORK,1.0
-4.0109572,3.5551605,PORK,1.0
-0.6585302,5.0498395,PORK,1.0
-7.29447,-6.17767,PORK,1.0
-9.053957,-35.52632,PORK,1.0
-10.044984,-36.215828,PORK,1.0
-9.331298,-35.96916,PORK,1.0
-7.5898623,-19.812666,PORK,1.0
-7.542446,-19.745123,PORK,1.0
-5.754483,-19.389614,PORK,1.0
-8.728894,-33.46205,PORK,1.0
-6.0349126,-19.034029,PORK,1.0
-7.689813,-35.70802,PORK,1.0
-8.543893,-36.41356,PORK,1.0
-7.7912765,-24.211597,PORK,1.0
-8.7239895,-34.745422,PORK,1.0
-6.775691,-20.409016,PORK,1.0
-9.359359,-36.383495,PORK,1.0
-7.4533725,-20.94372,PORK,1.0
-8.358932,-32.18919,PORK,1.0
-6.3686104,-21.445522,PORK,1.0
-9.789942,-36.77371,PORK,1.0
-3.857633,-20.935518,PORK,1.0
-3.805736,-20.117758,PORK,1.0
-3.8636086,-20.717083,PORK,1.0
-11.746732,-22.77159,PORK,1.0
-9.257502,-23.745846,PORK,1.0
-8.963534,-23.779259,PORK,1.0
-7.1149373,-23.591108,PORK,1.0
-5.1346416,-21.313759,PORK,1.0
-9.508242,-20.351913,PORK,1.0
-6.3601894,-21.43556,PORK,1.0
-5.105616,-21.21023,PORK,1.0
-6.9407496,-23.52916,PORK,1.0
-2.2293236,-19.221972,PORK,1.0
-2.1171176,-18.822594,PORK,1.0
-4.8299932,-19.724152,PORK,1.0
-3.8958392,-18.86354,PORK,1.0
-1.6796343,-16.757458,PORK,1.0
-2.684496,-18.638786,PORK,1.0
-5.708603,-20.758522,PORK,1.0
-3.345597,-18.8897,PORK,1.0
-2.9630132,-18.886932,PORK,1.0
-3.0776422,-18.52898,PORK,1.0
-9.188448,-35.17599,PORK,1.0
-9.663875,-35.2806,PORK,1.0
-7.369284,-19.207504,PORK,1.0
-6.714341,-20.296667,PORK,1.0
-8.452689,-33.0709,PORK,1.0
-9.036031,-34.561523,PORK,1.0
-10.043283,-35.325054,PORK,1.0
-7.3211913,-19.229239,PORK,1.0
-5.749137,-19.384033,PORK,1.0
-8.72889,-33.462048,PORK,1.0
-7.9053435,-35.340244,PORK,1.0
-8.572813,-36.090595,PORK,1.0
-7.691868,-24.191345,PORK,1.0
-7.438224,-20.93126,PORK,1.0
-5.9721313,-22.262796,PORK,1.0
-8.358471,-32.190956,PORK,1.0
-7.802054,-36.69236,PORK,1.0
-7.7754245,-36.86071,PORK,1.0
-9.646988,-21.685202,PORK,1.0
-8.157466,-35.74161,PORK,1.0
-9.323565,-21.644455,PORK,1.0
-8.326507,-35.308315,PORK,1.0
-8.668202,-21.496223,PORK,1.0
-9.491905,-19.974846,PORK,1.0
-8.822817,-20.315504,PORK,1.0
-8.668217,-19.607971,PORK,1.0
-9.936871,-19.9691,PORK,1.0
-10.267043,-3.259479,PORK,0.8571428571428571
-10.24374,-3.2300727,PORK,0.8571428571428571
20.465673,-0.47662538,BEEF,1.0
19.79953,0.29501313,BEEF,0.5714285714285714
12.378753,14.68786,BEEF,0.14285714285714285
12.296737,14.790759,BEEF,0.14285714285714285
28.783052,-23.188723,BEEF,1.0
21.141075,-31.986963,BEEF,1.0
22.468548,-31.600727,BEEF,1.0
13.785946,-39.2418,BEEF,1.0
19.727533,0.20674086,BEEF,0.5714285714285714
46.605938,9.44231,BEEF,0.0
35.964382,-8.932951,BEEF,1.0
20.91282,-2.662811,BEEF,1.0
21.06334,-6.2170134,BEEF,1.0
48.04524,7.7049127,BEEF,0.14285714285714285
31.635603,-26.951189,BEEF,0.7142857142857143
17.167904,-22.749104,BEEF,1.0
44.920517,22.336252,BEEF,0.14285714285714285
43.859047,22.036106,BEEF,0.0
45.695927,22.660915,BEEF,0.14285714285714285
37.417343,21.867182,BEEF,0.0
34.306923,24.4447,BEEF,0.0
27.608616,17.546015,BEEF,0.14285714285714285
26.953375,17.742243,BEEF,0.14285714285714285
16.730888,-1.0337791,BEEF,0.7142857142857143
33.637253,20.749128,BEEF,0.42857142857142855
33.674255,20.915731,BEEF,0.42857142857142855
24.493443,20.448574,BEEF,0.14285714285714285
24.429838,20.344738,BEEF,0.14285714285714285
13.439865,15.26354,BEEF,0.2857142857142857
32.599636,19.342422,BEEF,0.42857142857142855
32.50368,19.210949,BEEF,0.42857142857142855
29.050116,7.808464,BEEF,0.0
-27.914028,8.692136,BEEF,0.0
18.285793,-22.8744,BEEF,1.0
13.791442,2.2932854,BEEF,0.14285714285714285
10.263803,-14.388446,BEEF,0.7142857142857143
-5.519711,-12.910477,BEEF,0.0
9.594126,-27.451601,BEEF,1.0
9.565129,-27.500807,BEEF,1.0
6.7070208,-35.18282,BEEF,1.0
12.940532,0.6573461,BEEF,0.14285714285714285
-3.980775,-23.55893,BEEF,0.0
15.280275,-22.618559,BEEF,1.0
27.788761,-4.656134,BEEF,0.7142857142857143
28.04598,-4.6457176,BEEF,0.7142857142857143
29.499355,-26.165531,BEEF,1.0
40.09069,-2.7044246,BEEF,0.8571428571428571
40.185383,-2.770205,BEEF,0.8571428571428571
14.524296,-22.98294,BEEF,1.0
29.302399,-26.739847,BEEF,1.0
11.103425,-37.22199,BEEF,0.8571428571428571
14.006165,-19.050869,BEEF,1.0
29.89297,-26.729807,BEEF,1.0
1.0154079,-33.899807,BEEF,1.0
2.0201175,-34.171318,BEEF,1.0
2.0832968,-34.190445,BEEF,1.0
11.877085,-19.497467,BEEF,1.0
27.159792,-5.715583,BEEF,1.0
30.957348,-27.801123,BEEF,0.8571428571428571
30.95407,-27.799099,BEEF,0.8571428571428571
38.82382,-2.674856,BEEF,0.8571428571428571
23.839647,-5.3106093,BEEF,1.0
25.391064,-4.9061675,BEEF,1.0
30.525375,-26.30684,BEEF,0.8571428571428571
39.45017,-1.6779641,BEEF,0.8571428571428571
39.745518,-1.8347274,BEEF,0.8571428571428571
34.275578,-8.949691,BEEF,1.0
26.460398,-4.6098437,BEEF,1.0
27.160007,-4.529373,BEEF,1.0
36.026814,-8.950494,BEEF,1.0
40.02137,-2.112033,BEEF,0.8571428571428571
40.23989,-2.213072,BEEF,0.8571428571428571
11.375829,-36.06553,BEEF,1.0
11.696936,-36.31951,BEEF,1.0
8.651112,-35.34723,BEEF,1.0
11.71293,-36.040173,BEEF,1.0
8.564334,-34.871353,BEEF,1.0
11.9137745,-36.509117,BEEF,0.8571428571428571
8.641301,-35.838516,BEEF,1.0
8.82399,-36.01376,BEEF,1.0
8.628745,-36.408806,BEEF,1.0
8.350142,-36.27581,BEEF,1.0
8.914185,-36.60424,BEEF,1.0
8.222597,-34.88484,BEEF,1.0
8.1498575,-35.579235,BEEF,1.0
10.665578,-39.86261,BEEF,1.0
10.942231,-40.407513,BEEF,1.0
10.507984,-40.450943,BEEF,1.0
10.328872,-40.002865,BEEF,1.0
10.634798,-40.569588,BEEF,1.0
10.209343,-40.47769,BEEF,1.0
16.73137,-33.42638,BEEF,1.0
17.21288,-34.63526,BEEF,1.0
16.688892,-34.503284,BEEF,1.0
17.453531,-35.009636,BEEF,1.0
17.380693,-34.320602,BEEF,1.0
16.65929,-33.991554,BEEF,1.0
17.114254,-35.159275,BEEF,1.0
16.73766,-34.818684,BEEF,1.0
17.311943,-35.57052,BEEF,1.0
15.890386,-34.559868,BEEF,1.0
16.657204,-35.762142,BEEF,1.0
16.29462,-35.661705,BEEF,1.0
16.663198,-36.08058,BEEF,1.0
25.061094,-22.166534,BEEF,1.0
24.970001,-21.989498,BEEF,1.0
25.2296,-22.391703,BEEF,1.0
28.264923,-23.71506,BEEF,1.0
28.917295,-24.723564,BEEF,1.0
29.325369,-24.553553,BEEF,1.0
25.798044,-22.749971,BEEF,1.0
25.608862,-22.56331,BEEF,1.0
26.172064,-22.964626,BEEF,1.0
28.556253,-23.640873,BEEF,1.0
29.1643,-24.45018,BEEF,1.0
29.259928,-24.35009,BEEF,1.0
15.006918,-26.82147,BEEF,1.0
14.641704,-26.393284,BEEF,1.0
14.871233,-26.668135,BEEF,1.0
14.845697,-26.48422,BEEF,1.0
22.952888,-23.401045,BEEF,1.0
15.266857,-22.236708,BEEF,1.0
22.8481,-23.09178,BEEF,1.0
15.516417,-21.727169,BEEF,1.0
22.927908,-23.899601,BEEF,1.0
15.553743,-22.29298,BEEF,1.0
22.32112,-22.594933,BEEF,1.0
15.919861,-21.719973,BEEF,1.0
21.861885,-23.021637,BEEF,1.0
14.151894,-19.978363,BEEF,1.0
17.831593,-23.510294,BEEF,1.0
14.012664,-24.02125,BEEF,1.0
21.716213,-22.390497,BEEF,1.0
14.009675,-19.22578,BEEF,1.0
24.482714,-22.936962,BEEF,1.0
11.842925,-22.187775,BEEF,1.0
-1.3224093,-34.07602,BEEF,0.5714285714285714
-1.3344505,-34.077236,BEEF,0.5714285714285714
11.853275,-22.216228,BEEF,1.0
23.339159,-21.792538,BEEF,1.0
11.901312,-19.566254,BEEF,1.0
23.08598,-21.46591,BEEF,1.0
12.014402,-19.331968,BEEF,1.0
23.54232,-22.099197,BEEF,1.0
11.770339,-19.790237,BEEF,1.0
22.288229,-20.194725,BEEF,1.0
15.567426,-18.239323,BEEF,1.0
15.068854,-18.23183,BEEF,1.0
22.238922,-19.790213,BEEF,1.0
15.336014,-17.945759,BEEF,1.0
14.683214,-17.873335,BEEF,1.0
22.39584,-20.834253,BEEF,1.0
15.994425,-18.70107,BEEF,1.0
15.382861,-18.663197,BEEF,1.0
22.183392,-19.259962,BEEF,1.0
22.983498,-4.8663025,BEEF,1.0
22.768518,-5.3808904,BEEF,1.0
20.5084,-1.09712,BEEF,1.0
24.421865,-4.3284183,BEEF,1.0
14.583326,-18.129166,BEEF,1.0
20.630274,-1.5121816,BEEF,1.0
23.290281,-4.431909,BEEF,1.0
23.586065,-5.312613,BEEF,1.0
20.40057,-0.6508101,BEEF,1.0
24.893246,-4.2290606,BEEF,1.0
25.260336,-4.967588,BEEF,1.0
20.807724,-2.1995113,BEEF,1.0
22.36539,-4.8606167,BEEF,1.0
23.143581,-5.535758,BEEF,1.0
32.0278,-9.132516,BEEF,1.0
15.896444,-30.040562,BEEF,1.0
24.469412,-4.526608,BEEF,1.0
32.02643,-9.129457,BEEF,1.0
33.442024,-8.943716,BEEF,1.0
23.872192,-4.4988894,BEEF,1.0
33.094112,-9.019494,BEEF,1.0
33.99117,-8.957086,BEEF,1.0
25.135248,-4.310443,BEEF,1.0
20.677185,-1.5148759,BEEF,1.0
24.575186,-5.2948766,BEEF,1.0
22.340246,-5.157307,BEEF,1.0
22.471205,-27.386847,BEEF,1.0
13.944714,-39.91303,BEEF,1.0
22.720013,-27.34602,BEEF,1.0
13.906374,-39.954002,BEEF,1.0
21.395594,-30.210531,BEEF,1.0
11.407993,-35.270725,BEEF,1.0
8.527016,-33.436184,BEEF,1.0
21.226341,-30.091974,BEEF,1.0
8.915566,-33.548035,BEEF,1.0
21.684359,-30.189564,BEEF,1.0
11.383612,-35.48317,BEEF,1.0
8.499921,-33.51647,BEEF,1.0
22.241688,-30.713797,BEEF,1.0
9.476845,-34.866062,BEEF,1.0
21.731548,-30.920311,BEEF,1.0
9.597808,-34.73699,BEEF,1.0
22.471981,-30.818153,BEEF,1.0
9.0791025,-34.603897,BEEF,1.0
22.721973,-26.61083,BEEF,1.0
13.93652,-38.707542,BEEF,1.0
22.68383,-26.357632,BEEF,1.0
13.932095,-38.72367,BEEF,1.0
22.745594,-26.79838,BEEF,1.0
13.935626,-38.684357,BEEF,1.0
16.1233,-39.57245,BEEF,1.0
22.032974,-31.277182,BEEF,1.0
11.455631,-39.848705,BEEF,1.0
10.203988,-35.601772,BEEF,1.0
21.872675,-31.219452,BEEF,1.0
11.7160015,-40.234287,BEEF,1.0
10.427217,-35.189224,BEEF,1.0
16.111593,-39.607563,BEEF,1.0
22.440222,-31.183317,BEEF,1.0
11.269797,-40.28808,BEEF,1.0
9.946022,-35.90408,BEEF,1.0
22.706776,-28.072231,BEEF,1.0
15.434408,-39.115353,BEEF,1.0
23.151033,-22.567722,BEEF,1.0
16.849257,-19.497076,BEEF,1.0
23.6974,-23.320847,BEEF,1.0
17.044561,-19.778028,BEEF,1.0
19.875444,-29.207561,BEEF,1.0
16.599047,-30.809193,BEEF,1.0
19.768288,-29.208698,BEEF,1.0
15.918876,-30.317997,BEEF,1.0
19.980083,-29.1836,BEEF,1.0
16.298988,-31.555948,BEEF,1.0
18.799116,-22.748146,BEEF,1.0
16.543337,-21.21551,BEEF,1.0
17.084202,-28.774147,BEEF,1.0
16.297998,-30.752407,BEEF,1.0
15.378229,-20.229689,BEEF,1.0
17.057367,-28.901281,BEEF,1.0
16.064825,-30.506067,BEEF,1.0
15.975736,-20.684935,BEEF,1.0
17.11053,-28.688225,BEEF,1.0
16.194166,-31.081642,BEEF,1.0
15.434552,-20.295736,BEEF,1.0
21.71887,-22.435236,BEEF,1.0
16.28822,-21.136837,BEEF,1.0
14.4981165,-20.551554,BEEF,1.0
13.154844,-31.705418,BEEF,1.0
15.804524,-31.999735,BEEF,1.0
20.688126,-29.513708,BEEF,1.0
15.67288,-31.378523,BEEF,1.0
14.02462,-21.880875,BEEF,1.0
13.120896,-31.735762,BEEF,1.0
15.400312,-32.651814,BEEF,1.0
33.195457,-43.87335,BEEF,1.0
33.19386,-43.798347,BEEF,1.0
29.116491,-45.544052,BEEF,1.0
-51.244793,-18.469885,ALCOHOLIC BEV,1.0
-52.263554,-20.155378,ALCOHOLIC BEV,1.0
-52.583096,-20.551641,ALCOHOLIC BEV,1.0
-52.428104,-20.959309,ALCOHOLIC BEV,1.0
-52.517532,-20.320448,ALCOHOLIC BEV,1.0
-46.739227,-19.495644,ALCOHOLIC BEV,1.0
-45.06641,-20.204296,ALCOHOLIC BEV,1.0
-52.236572,-20.880226,ALCOHOLIC BEV,1.0
-44.347507,-17.69209,ALCOHOLIC BEV,1.0
-44.37461,-17.317799,ALCOHOLIC BEV,1.0
-47.484478,-17.281803,ALCOHOLIC BEV,1.0
-44.606037,-19.21499,ALCOHOLIC BEV,1.0
-47.034946,-19.440542,ALCOHOLIC BEV,1.0
-44.893845,-19.34103,ALCOHOLIC BEV,1.0
-37.797558,-16.302147,ALCOHOLIC BEV,0.2857142857142857
-44.8576,-21.409311,ALCOHOLIC BEV,1.0
-44.56999,-22.15659,ALCOHOLIC BEV,1.0
-44.659275,-21.24923,ALCOHOLIC BEV,1.0
-45.05468,-21.65483,ALCOHOLIC BEV,1.0
-44.770916,-21.979,ALCOHOLIC BEV,1.0
-45.23477,-18.29691,ALCOHOLIC BEV,1.0
-49.999424,-16.888126,ALCOHOLIC BEV,1.0
-49.879597,-16.743923,ALCOHOLIC BEV,1.0
-49.566334,-20.357317,ALCOHOLIC BEV,1.0
-49.47459,-21.651466,ALCOHOLIC BEV,1.0
-49.9105,-20.833286,ALCOHOLIC BEV,1.0
-49.54068,-20.98868,ALCOHOLIC BEV,1.0
-49.094566,-20.407585,ALCOHOLIC BEV,1.0
-48.52035,-20.729984,ALCOHOLIC BEV,1.0
-48.985657,-21.530636,ALCOHOLIC BEV,1.0
-49.061558,-19.918154,ALCOHOLIC BEV,1.0
-49.886963,-17.150543,ALCOHOLIC BEV,1.0
-49.955627,-20.283571,ALCOHOLIC BEV,1.0
-49.084087,-20.933006,ALCOHOLIC BEV,1.0
-50.70239,-19.84537,ALCOHOLIC BEV,1.0
-50.30072,-21.47075,ALCOHOLIC BEV,1.0
-49.773884,-19.322752,ALCOHOLIC BEV,1.0
-49.901913,-21.609201,ALCOHOLIC BEV,1.0
-50.26234,-19.433338,ALCOHOLIC BEV,1.0
-50.185802,-19.91411,ALCOHOLIC BEV,1.0
-49.48433,-19.719034,ALCOHOLIC BEV,1.0
-49.245888,-19.278852,ALCOHOLIC BEV,1.0
-50.49123,-20.71693,ALCOHOLIC BEV,1.0
-47.19141,-19.900654,ALCOHOLIC BEV,1.0
-50.601894,-21.101322,ALCOHOLIC BEV,1.0
-48.651768,-19.601168,ALCOHOLIC BEV,1.0
-48.527325,-20.255346,ALCOHOLIC BEV,1.0
-50.653946,-20.355494,ALCOHOLIC BEV,1.0
-48.564514,-21.203096,ALCOHOLIC BEV,1.0
-37.64526,-16.215235,ALCOHOLIC BEV,0.2857142857142857
-42.257526,-18.253431,ALCOHOLIC BEV,1.0
-46.3265,-19.803757,ALCOHOLIC BEV,1.0
-44.024876,-21.891205,ALCOHOLIC BEV,1.0
-44.05085,-22.21176,ALCOHOLIC BEV,1.0
-38.227688,-16.519773,ALCOHOLIC BEV,0.2857142857142857
-45.595924,-18.232609,ALCOHOLIC BEV,1.0
-44.235985,-21.36035,ALCOHOLIC BEV,1.0
-44.050476,-21.55998,ALCOHOLIC BEV,1.0
-49.88165,-16.75265,ALCOHOLIC BEV,1.0
25.999582,5.65737,LAMB,1.0
19.822577,-14.90981,LAMB,1.0
45.55713,6.0138245,LAMB,1.0
40.41411,2.361485,LAMB,1.0
11.664369,15.033847,LAMB,0.14285714285714285
11.010088,14.335235,LAMB,0.5714285714285714
48.05239,5.804259,LAMB,0.8571428571428571
32.494186,-25.909388,LAMB,0.7142857142857143
46.54634,5.4567943,LAMB,1.0
41.496254,-0.07631193,LAMB,1.0
26.64747,6.966111,LAMB,1.0
19.677635,-15.395347,LAMB,1.0
45.191402,6.304907,LAMB,1.0
33.187363,-24.41025,LAMB,0.8571428571428571
26.926136,7.848973,LAMB,1.0
34.647,2.7240252,LAMB,1.0
45.02606,6.5352154,LAMB,1.0
39.6549,3.183089,LAMB,1.0
25.981865,5.4893513,LAMB,1.0
30.970827,2.0235627,LAMB,1.0
45.465553,5.9704833,LAMB,1.0
40.46553,2.6399908,LAMB,1.0
26.63562,4.0711493,LAMB,1.0
20.067371,-14.409945,LAMB,1.0
20.078917,-14.061517,LAMB,1.0
44.451607,5.2900577,LAMB,1.0
33.49198,-24.529514,LAMB,0.8571428571428571
41.058903,2.786091,LAMB,1.0
22.853968,1.5291802,LAMB,1.0
20.528893,-13.733357,LAMB,1.0
28.137125,-0.027706342,LAMB,1.0
47.0709,5.574368,LAMB,1.0
33.102413,-25.205755,LAMB,0.7142857142857143
41.34363,2.2162433,LAMB,1.0
19.048458,-12.455985,LAMB,1.0
31.357624,-1.7567108,LAMB,1.0
32.016243,0.6376576,LAMB,1.0
19.66829,-15.01464,LAMB,1.0
32.33194,-22.741037,LAMB,0.8571428571428571
36.849316,-1.7823386,LAMB,0.7142857142857143
32.9268,-24.838415,LAMB,0.8571428571428571
32.80555,-24.698866,LAMB,0.8571428571428571
27.470102,5.2634583,LAMB,1.0
32.10174,-1.5731069,LAMB,1.0
31.814024,1.5946009,LAMB,1.0
30.672138,1.5381233,LAMB,1.0
44.45883,5.6859493,LAMB,1.0
37.119904,-1.7486348,LAMB,0.7142857142857143
39.87796,2.4672923,LAMB,1.0
40.14512,2.6673148,LAMB,1.0
25.721434,6.1154194,LAMB,1.0
31.399195,-2.0396018,LAMB,1.0
19.818317,-15.285543,LAMB,1.0
31.043215,0.47426575,LAMB,1.0
46.05698,6.1977334,LAMB,1.0
36.82945,-1.8189608,LAMB,0.7142857142857143
39.98283,1.7028469,LAMB,1.0
40.117897,1.4247591,LAMB,1.0
39.95886,13.517942,LAMB,0.0
10.849648,-38.09959,LAMB,0.0
35.703316,3.4392583,LAMB,0.8571428571428571
23.796673,4.049837,LAMB,1.0
26.267567,1.8436424,LAMB,1.0
46.468468,3.368583,LAMB,1.0
44.541588,1.6647317,LAMB,1.0
11.978879,13.90956,LAMB,0.42857142857142855
11.505061,13.761278,LAMB,0.5714285714285714
22.473797,5.881172,LAMB,1.0
36.96726,0.8379915,LAMB,1.0
46.778366,3.3574052,LAMB,1.0
44.34224,0.92303896,LAMB,1.0
23.615593,5.8259587,LAMB,1.0
27.44176,2.3903852,LAMB,1.0
46.126106,3.700611,LAMB,1.0
44.545082,1.9052042,LAMB,1.0
24.688177,2.9263809,LAMB,1.0
21.389881,-12.434235,LAMB,1.0
45.94964,2.6617868,LAMB,1.0
44.681507,1.7202756,LAMB,1.0
23.39895,2.5493891,LAMB,1.0
21.470936,-12.285924,LAMB,1.0
46.773117,3.1396549,LAMB,1.0
45.792553,0.116708964,LAMB,1.0
23.848389,4.3099685,LAMB,1.0
26.211226,0.6864512,LAMB,1.0
46.535183,3.652905,LAMB,1.0
36.99953,0.653959,LAMB,1.0
44.071667,11.1286335,VEAL,1.0
36.361126,-24.599941,VEAL,1.0
44.048153,12.131609,VEAL,1.0
36.280563,-24.971245,VEAL,1.0
11.995062,14.543918,VEAL,0.14285714285714285
11.694686,14.346411,VEAL,0.14285714285714285
40.555992,-25.93869,VEAL,1.0
21.22877,-37.033684,VEAL,0.8571428571428571
20.45964,-37.377956,VEAL,0.8571428571428571
21.265017,-37.1105,VEAL,0.8571428571428571
21.277044,-36.369785,VEAL,0.8571428571428571
41.464188,12.835092,VEAL,0.8571428571428571
38.598896,10.926859,VEAL,1.0
20.54996,-37.346046,VEAL,0.8571428571428571
21.384514,-37.15206,VEAL,0.8571428571428571
39.034985,11.122727,VEAL,0.8571428571428571
39.095932,-24.4757,VEAL,1.0
36.04687,-23.376642,VEAL,1.0
37.216343,-24.07934,VEAL,1.0
43.864475,13.082091,VEAL,1.0
35.939285,-24.01902,VEAL,1.0
37.400505,-24.353176,VEAL,1.0
44.477463,10.602165,VEAL,1.0
35.606262,-24.582527,VEAL,1.0
38.27738,8.279061,VEAL,1.0
44.457912,11.312243,VEAL,1.0
35.610107,-24.918612,VEAL,1.0
40.294567,8.458199,VEAL,1.0
39.962048,-24.738138,VEAL,1.0
35.695366,-25.587038,VEAL,1.0
39.52702,8.2846575,VEAL,1.0
44.567234,11.976333,VEAL,1.0
40.2145,6.939732,VEAL,1.0
39.873425,8.290326,VEAL,1.0
39.89367,-24.872793,VEAL,1.0
39.12751,6.6598606,VEAL,1.0
39.09366,9.011221,VEAL,1.0
43.26799,12.186253,VEAL,1.0
39.48893,6.5047584,VEAL,1.0
39.43642,9.1488905,VEAL,1.0
44.96764,11.750291,VEAL,1.0
35.563114,-25.74118,VEAL,1.0
39.951,8.043316,VEAL,1.0
44.941658,11.979387,VEAL,1.0
35.602924,-25.89362,VEAL,1.0
40.212505,8.012635,VEAL,1.0
39.78036,-24.785023,VEAL,1.0
38.0022,7.7700915,VEAL,0.5714285714285714
37.282276,-24.248219,VEAL,1.0
43.62368,12.512874,VEAL,1.0
39.071644,7.480859,VEAL,1.0
39.673912,9.373204,VEAL,1.0
41.324482,12.867774,VEAL,0.8571428571428571
38.387665,10.767813,VEAL,1.0
41.02087,12.769646,VEAL,0.8571428571428571
21.306973,-35.75908,VEAL,0.8571428571428571
43.599266,21.281088,LAMB,0.2857142857142857
44.085243,21.740717,LAMB,0.2857142857142857
44.151157,22.597252,LAMB,0.14285714285714285
43.7756,21.318123,VEAL,0.14285714285714285
44.824337,22.443836,VEAL,0.14285714285714285
43.885326,22.304617,VEAL,0.2857142857142857
37.23997,21.898035,LAMB,0.14285714285714285
35.869312,22.350004,LAMB,0.14285714285714285
37.138584,22.001228,VEAL,0.14285714285714285
35.869034,22.365412,VEAL,0.42857142857142855
34.883785,24.768887,LAMB,0.14285714285714285
35.112175,25.207542,LAMB,0.14285714285714285
34.855286,24.02946,VEAL,0.2857142857142857
35.250927,24.003344,VEAL,0.2857142857142857
35.711987,29.643175,LAMB,0.2857142857142857
35.69985,29.65184,LAMB,0.2857142857142857
35.763874,29.619423,LAMB,0.2857142857142857
27.241695,16.987349,LAMB,0.14285714285714285
26.667158,17.451124,LAMB,0.14285714285714285
27.407965,17.105446,VEAL,0.42857142857142855
26.761677,17.39505,VEAL,0.42857142857142855
18.110785,-0.5852391,LAMB,0.0
29.908625,15.539957,LAMB,0.2857142857142857
29.939318,15.586851,LAMB,0.2857142857142857
30.202717,14.189137,VEAL,0.42857142857142855
30.316458,13.972017,VEAL,0.5714285714285714
24.68463,20.579731,LAMB,0.14285714285714285
24.73053,20.548124,LAMB,0.14285714285714285
28.026875,18.006227,VEAL,0.42857142857142855
27.969193,18.315102,VEAL,0.42857142857142855
28.987717,16.694525,VEAL,0.42857142857142855
29.304256,8.393444,LAMB,0.7142857142857143
30.141346,9.129105,LAMB,0.7142857142857143
37.625797,14.248069,VEAL,0.8571428571428571
30.652952,9.585287,VEAL,0.0
18.866812,-12.83111,LAMB,1.0
18.905191,-15.565468,LAMB,1.0
26.325611,6.5210395,LAMB,1.0
32.295048,1.7294337,LAMB,1.0
48.0739,5.8573112,LAMB,0.8571428571428571
40.68378,-0.073289044,LAMB,1.0
26.809778,7.6764755,LAMB,1.0
33.829777,2.3533947,LAMB,1.0
27.078318,8.187264,LAMB,1.0
34.840782,2.8021083,LAMB,1.0
26.242891,5.905074,LAMB,1.0
31.36336,2.0305526,LAMB,1.0
27.152952,4.5825386,LAMB,1.0
31.533182,2.5009527,LAMB,1.0
30.288649,2.082706,LAMB,1.0
22.94672,1.6105405,LAMB,1.0
28.575539,0.007975469,LAMB,1.0
28.304714,0.03481644,LAMB,1.0
26.072487,6.6179013,LAMB,1.0
31.647343,-1.9226009,LAMB,1.0
32.555656,1.00429,LAMB,1.0
31.350645,0.79545593,LAMB,1.0
27.80569,5.4953427,LAMB,1.0
32.20244,-1.5179015,LAMB,1.0
32.31059,1.7202511,LAMB,1.0
31.065079,1.5402255,LAMB,1.0
25.876883,6.657733,LAMB,1.0
31.539577,-2.0996146,LAMB,1.0
32.69115,0.8059059,LAMB,1.0
31.440004,0.5000702,LAMB,1.0
23.541718,5.436827,LAMB,1.0
27.030514,2.2095187,LAMB,1.0
22.500204,5.8753314,LAMB,1.0
36.962296,0.82876235,LAMB,1.0
23.56805,6.0287833,LAMB,1.0
27.563547,2.425032,LAMB,1.0
24.916105,3.131607,LAMB,1.0
26.196426,2.0987868,LAMB,1.0
23.633991,3.0885477,LAMB,1.0
25.107994,2.2870297,LAMB,1.0
23.74455,4.870158,LAMB,1.0
26.269657,0.6578736,LAMB,1.0
19.314068,1.7922682,VEAL,0.0
32.764137,5.077685,VEAL,0.2857142857142857
32.609875,5.0175037,VEAL,0.2857142857142857
32.9491,5.1129913,VEAL,0.2857142857142857
37.47572,8.231589,VEAL,0.42857142857142855
43.867546,11.586361,VEAL,1.0
40.20533,5.9762187,VEAL,1.0
43.868122,11.679631,VEAL,1.0
40.1585,6.050006,VEAL,1.0
25.470852,8.474062,LAMB,1.0
34.095413,6.555872,LAMB,0.7142857142857143
45.718513,8.7183,LAMB,0.8571428571428571
36.792736,6.8682885,LAMB,0.7142857142857143
12.46486,14.26639,LAMB,0.42857142857142855
12.154484,13.920253,LAMB,0.42857142857142855
47.679432,6.9819646,LAMB,0.8571428571428571
39.33598,-0.0242373,LAMB,0.7142857142857143
46.6748,6.957029,LAMB,1.0
41.96976,0.030851474,LAMB,1.0
25.662636,8.885353,LAMB,1.0
34.459732,6.5622196,LAMB,1.0
45.604393,9.156798,LAMB,0.8571428571428571
36.73976,6.8975344,LAMB,0.7142857142857143
25.784035,8.997723,LAMB,1.0
34.99592,6.6887126,LAMB,1.0
45.674564,9.139801,LAMB,0.8571428571428571
36.88048,6.867238,LAMB,0.7142857142857143
20.100674,1.3339537,LAMB,0.14285714285714285
33.457695,6.0543847,LAMB,0.5714285714285714
45.47711,9.308381,LAMB,0.8571428571428571
35.96182,6.70843,LAMB,1.0
35.159378,8.279609,LAMB,1.0
43.909657,9.160368,LAMB,0.7142857142857143
21.9672,3.6514618,LAMB,1.0
33.252106,6.763103,LAMB,0.5714285714285714
45.7269,8.194545,LAMB,1.0
35.997936,7.632818,LAMB,0.8571428571428571
24.662355,7.535255,LAMB,1.0
28.499786,-2.2693822,LAMB,0.5714285714285714
46.579388,7.921294,LAMB,0.8571428571428571
39.087032,0.03323986,LAMB,0.7142857142857143
28.854876,7.371257,LAMB,0.7142857142857143
44.455025,8.587098,LAMB,0.8571428571428571
24.57322,7.3946586,LAMB,1.0
28.51106,-2.2384021,LAMB,0.5714285714285714
46.954647,7.536773,LAMB,0.8571428571428571
39.09187,0.07460624,LAMB,0.7142857142857143
-34.873146,-15.480412,CANDIES,1.0
-33.20705,-11.560801,CANDIES,1.0
-28.786745,-13.987472,CANDIES,1.0
-35.829304,-14.560965,CANDIES,1.0
-30.102253,-12.689036,CANDIES,1.0
-34.009922,-15.391999,CANDIES,1.0
-32.392498,-12.491728,CANDIES,1.0
-34.777386,-15.447815,CANDIES,1.0
-28.28221,-16.901125,CANDIES,1.0
-28.593945,-16.895365,CANDIES,1.0
-31.962532,-15.742566,CANDIES,1.0
-33.414433,-13.647511,CANDIES,1.0
-26.681328,-16.08978,CANDIES,0.8571428571428571
-31.443392,-12.922396,CANDIES,1.0
-31.903843,-12.147079,CANDIES,1.0
-27.849855,-13.171946,CANDIES,1.0
-26.087675,-15.251715,CANDIES,0.8571428571428571
-35.874535,-15.3293705,CANDIES,1.0
-35.857395,-15.129461,CANDIES,1.0
-35.89711,-14.871791,CANDIES,1.0
-31.648424,-13.627525,CANDIES,1.0
-32.268757,-12.72169,CANDIES,1.0
-30.522476,-14.223052,CANDIES,1.0
-36.479553,-15.714349,CANDIES,0.7142857142857143
-36.304142,-15.365491,CANDIES,1.0
-28.327574,-13.912938,CANDIES,1.0
-29.62181,-14.892567,CANDIES,1.0
-26.752897,-14.987987,CANDIES,1.0
-30.773973,-14.967993,CANDIES,1.0
-26.622417,-14.389653,CANDIES,1.0
-29.65113,-14.885153,CANDIES,1.0
-32.88116,-14.305777,CANDIES,1.0
-29.365332,-13.581866,CANDIES,1.0
-27.403091,-14.107116,CANDIES,1.0
-31.092327,-14.667898,CANDIES,1.0
-29.281353,-16.112915,CANDIES,1.0
-27.578224,-13.052776,CANDIES,1.0
-32.305134,-14.303787,CANDIES,1.0
-33.264256,-12.706787,CANDIES,1.0
-25.697447,-14.451137,CANDIES,0.8571428571428571
-34.53318,-13.467688,CANDIES,1.0
-28.908392,-11.563002,CANDIES,1.0
-27.987955,-15.789524,CANDIES,1.0
-32.9931,-13.677222,CANDIES,1.0
-35.04286,-13.9264555,CANDIES,1.0
-25.643959,-17.369923,CANDIES,0.8571428571428571
-28.687328,-13.913716,CANDIES,1.0
-38.47016,-12.667776,CANDIES,1.0
-34.18397,-12.9163685,CANDIES,1.0
-33.126682,-14.852944,CANDIES,1.0
-31.766066,-13.908142,CANDIES,1.0
-26.914766,-14.102433,CANDIES,1.0
-32.726833,-10.683397,CANDIES,1.0
-27.369486,-15.801272,CANDIES,1.0
-28.83483,-11.420442,CANDIES,1.0
-32.678703,-12.634075,CANDIES,1.0
-33.91591,-12.509163,CANDIES,1.0
-33.95874,-10.998653,CANDIES,1.0
-38.487335,-12.659922,CANDIES,1.0
-34.26271,-13.030218,CANDIES,1.0
-38.623466,-12.602083,CANDIES,1.0
-38.664326,-12.602125,CANDIES,1.0
-38.615765,-12.600373,CANDIES,1.0
-32.654423,-15.467555,CANDIES,1.0
-28.164213,-17.43683,CANDIES,1.0
-27.106747,-17.332363,CANDIES,1.0
-26.910097,-17.553638,CANDIES,1.0
-26.57024,-17.835514,CANDIES,0.8571428571428571
24.438536,-24.689062,BEEF,1.0
18.33987,-18.905384,BEEF,1.0
24.68496,-25.03594,BEEF,1.0
18.373825,-18.928493,BEEF,1.0
24.649946,-24.987646,BEEF,1.0
18.464632,-18.999449,BEEF,1.0
24.831585,-25.279568,BEEF,1.0
18.80319,-19.57016,BEEF,1.0
32.063248,-42.771,BEEF,1.0
31.578444,-41.69249,BEEF,1.0
31.408613,-43.71298,BEEF,1.0
32.29948,-43.31673,BEEF,1.0
32.05723,-42.749184,BEEF,1.0
31.941126,-42.821583,BEEF,1.0
31.057632,-41.84431,BEEF,1.0
31.643454,-41.645386,BEEF,1.0
30.392284,-43.70596,BEEF,1.0
30.9644,-43.686104,BEEF,1.0
29.731857,-39.28089,BEEF,1.0
29.79724,-39.37222,BEEF,1.0
30.480583,-42.82163,BEEF,1.0
29.26299,-44.36709,BEEF,1.0
29.170645,-45.2335,BEEF,1.0
31.971233,-42.797386,BEEF,1.0
31.294466,-41.754093,BEEF,1.0
30.601543,-43.683258,BEEF,1.0
29.754744,-39.318478,BEEF,1.0
26.53084,-43.46707,BEEF,1.0
26.427002,-43.650288,BEEF,1.0
25.374144,-44.06675,BEEF,1.0
27.174759,-43.047924,BEEF,1.0
25.921387,-42.60205,BEEF,1.0
25.960642,-43.030025,BEEF,1.0
25.027777,-43.58513,BEEF,1.0
26.732754,-42.18997,BEEF,1.0
25.434362,-42.293083,BEEF,1.0
24.628485,-42.873386,BEEF,1.0
26.19677,-41.454254,BEEF,1.0
24.861137,-41.201893,BEEF,1.0
25.168655,-41.78889,BEEF,1.0
24.401472,-42.244514,BEEF,1.0
25.896957,-40.996204,BEEF,1.0
24.782082,-40.906975,BEEF,1.0
25.092875,-41.4491,BEEF,1.0
24.337524,-41.73487,BEEF,1.0
25.75843,-40.758945,BEEF,1.0
42.04786,-33.584602,BEEF,1.0
41.98537,-34.09955,BEEF,1.0
43.190136,-34.07248,BEEF,1.0
42.33991,-33.60438,BEEF,1.0
38.140133,-10.225473,BEEF,1.0
40.342888,-37.10505,BEEF,1.0
40.977074,-36.862457,BEEF,1.0
40.52258,-36.270725,BEEF,1.0
37.25911,-40.68693,BEEF,1.0
37.25168,-40.198433,BEEF,1.0
37.28971,-39.374348,BEEF,1.0
35.342644,-39.061985,BEEF,1.0
41.071873,-32.49216,BEEF,1.0
43.560112,-34.704266,BEEF,1.0
42.566982,-33.151505,BEEF,1.0
39.932247,-36.982292,BEEF,1.0
41.82104,-34.504116,BEEF,1.0
34.942024,-37.903587,BEEF,1.0
40.787636,-31.962654,BEEF,1.0
37.402416,-39.344578,BEEF,1.0
40.06733,-36.178745,BEEF,1.0
41.590313,-33.94836,BEEF,1.0
38.585915,-40.483288,BEEF,1.0
43.671314,-35.40442,BEEF,1.0
40.671856,-36.93167,BEEF,1.0
42.737743,-34.22715,BEEF,1.0
40.57088,-32.02612,BEEF,1.0
40.81524,-32.539646,BEEF,1.0
34.92915,-37.8468,BEEF,1.0
35.428173,-39.063217,BEEF,1.0
43.07625,-35.25013,BEEF,1.0
43.2594,-35.62118,BEEF,1.0
37.20623,-40.89776,BEEF,1.0
37.2931,-40.58352,BEEF,1.0
37.419586,-39.97829,BEEF,1.0
37.50823,-39.189953,BEEF,1.0
38.326073,-10.257552,BEEF,1.0
41.74537,-34.8771,BEEF,1.0
42.351006,-34.64235,BEEF,1.0
39.4581,-36.108746,BEEF,1.0
41.276936,-34.526035,BEEF,1.0
39.54128,-37.03169,BEEF,1.0
39.96471,-37.408478,BEEF,1.0
39.498295,-36.406055,BEEF,1.0
41.061974,-31.864782,BEEF,1.0
41.323303,-32.324375,BEEF,1.0
34.95767,-37.95772,BEEF,1.0
35.315407,-39.097836,BEEF,1.0
43.74535,-34.495773,BEEF,1.0
43.834328,-35.188297,BEEF,1.0
43.088787,-34.799297,BEEF,1.0
40.00213,-36.349358,BEEF,1.0
-52.856117,-28.780455,BABYFOOD,1.0
-53.077698,-28.625517,BABYFOOD,1.0
-28.368706,-15.764136,CANDIES,1.0
-54.07667,-28.511702,BABYFOOD,1.0
-31.099966,-15.720097,CANDIES,1.0
-25.7177,-13.405578,CANDIES,1.0
14.887925,-10.600058,TURKEY,0.0
-50.00717,-27.76674,BABYFOOD,0.7142857142857143
-49.318672,-27.792068,BABYFOOD,0.7142857142857143
-51.945812,-27.777124,BABYFOOD,0.7142857142857143
-61.866554,3.888496,BABYFOOD,0.7142857142857143
-62.214928,3.9732997,BABYFOOD,0.7142857142857143
-50.812256,-26.749884,BABYFOOD,0.7142857142857143
-34.030865,-10.204495,CANDIES,1.0
-51.784004,-26.926468,ALCOHOLIC BEV,0.14285714285714285
-51.76965,-26.92542,ALCOHOLIC BEV,0.14285714285714285
-50.57029,-26.559029,BABYFOOD,0.7142857142857143
15.05064,-10.571395,BEEF,0.14285714285714285
-52.93472,-28.450113,BABYFOOD,1.0
14.106924,-10.578637,CHICKEN,0.0
-52.707405,-27.34734,BABYFOOD,0.7142857142857143
-52.920692,-28.329844,BABYFOOD,1.0
-52.03089,-27.656366,BABYFOOD,0.7142857142857143
-51.265484,-28.389395,BABYFOOD,0.8571428571428571
-52.064594,-27.809498,BABYFOOD,0.7142857142857143
-52.10649,-28.810854,BABYFOOD,1.0
-52.248333,-27.67335,BABYFOOD,0.7142857142857143
